{"taskId": 12, "labels":["Tag1", "Tag2", "Tag3","Czapka"],"instance":[{"Low": [0.83, 0.86, 0.72, 0.65, 0.61, 0.66, 0.63, 0.63, 0.62, 0.64], "High": [1.27, 1.43, 1.03, 1.11, 0.84, 0.82, 0.81, 0.79, 0.91, 1.62], "Open": [0.9, 1.13, 0.87, 0.92, 0.69, 0.66, 0.63, 0.78, 0.82, 1.17], "Close": [1.06, 0.96, 0.77, 0.7, 0.81, 0.81, 0.67, 0.74, 0.78, 0.7], "Mean": [0.995, 1.0225, 0.8783299999999999, 0.81, 0.72833, 0.73417, 0.71917, 0.715, 0.7325, 0.88833]},{"Low": [1.5, 1.2, 2, 1.9, 1.75], "High": [1.9, 1.4, 3.5,2.9,3], "Open": [1.6, 1.4, 2.7,2,2.2], "Close": [1.3,1.7,3,2.4,2.7], "Mean": [1.5,1.4,2.9,2,2.5]},{"Low": [1.83, 1.26, 1.72, 1.65, 1.61, 1.66, 1.63, 1.63, 1.62, 1.64,1.4], "High": [2.27, 2.43, 2.03, 2.11, 1.84, 1.82, 1.81, 2.79, 1.91, 2.62,1.8], "Open": [1.9, 2.13, 1.87, 1.92, 1.69, 1.66, 1.63, 1.78, 1.82, 2.17,1.5], "Close": [2.06, 1.56, 1.77, 1.7, 2.03, 1.81, 1.67, 1.74, 1.78, 1.7, 1.9], "Mean": [1.995, 1.8225, 1.8783299999999999, 1.81, 1.99833, 1.73417, 1.71917, 1.715, 1.7325, 1.88833,1.9]}]}